name,email,asunto,mensaje
El equipo de la comunidad de Google,googlecommunityteam-noreply@google.com,"=?UTF-8?Q?Nao=2C_completa_la_configuraci=C3=B3n_de_tu_nueva_Cuenta_d?=
	=?UTF-8?Q?e_Google?=","

Hola, Nao:

Te damos la bienvenida a Google. Tu nueva cuenta tiene acceso a productos,  
apps y servicios de Google.

Aquí encontrarás algunas sugerencias para comenzar.


Aprovecha tu Cuenta de Google al máximo

Te enviaremos sugerencias, noticias y recomendaciones personalizadas de  
Google.

Manténganme al tanto  
<https://notifications.google.com/g/p/APHC3cr3sdMalNRElCkCY2z1RZnSiDTBGDGNT4Z3aHnIs-G_PZZhpHWMMUdY9CivcgcvvnyMT02hw9ZOKqGs0LL3AdHTWeWJuMaO8lATnvy2dDQ940KJ232-PqYM7BmpL7Lgnjr2OLUODEae0ToNbEDC7jB49xbd1F0bbxJo1aML5L8sFtYLaKR9RxqsUsEkJKMo0t0cOGopUj8ZEA-HN8cGsQX2ga6dhXQcMPAOQ3HypkbTk6ScHxQ_HUWC82ydA-JWdttY2NVKtd8v9Lz-JRCSRUhertOol3SWKTU1ZwXp4rMsBJ-E7m2OAT_-0PlY4qnt1NvHLP4H14CtmxfaGXePsYRjfgCZZjKU_iSyQXZkseWr-ZdA0o7jVRENR3zfOHcU6o2qS19_XEHSc2vbu6s_bNUigMnMqgyVyr_J1Um6MIYL-_YqUDJTYNgT81CgH9iNnodmW72D2OLhNs2xSpgq5Lhqawu4d-NoUpO5_VnFyHE9CUKZ1S7VHXYxWzskL47-CRHUuhVWRDdqSTIRf3Z_BuPzHAzDMoIMlH4lJ5F5JKxCEvZ36Qo52gB3r01et8x25yeMLSyPJKEnHeT_6EciXAU53CWXSQk0X02Ey3BM02QQr40>

No te pierdas de nada con Google app

Encuentra respuestas rápidas, explora tus intereses y mantente al día.

Pruébalo  
<https://notifications.google.com/g/p/APHC3crxzocwnxL-ZBN4-LvJkj300e2abzzmdzkUqlqOy99O0dtzWT3sO9Si5gG1Jq7xWeYTKfuRoNXIk9QTHlaaLdUxN2Mu30yxw8cMhkgS45c8zuXrU2I2IwjvkhRWC7Q6zjyPR_MNmh9QgW4LJn-k256SF3sziALPVj8Rxq6YfcwYbRp2v9_HRfjHU-yZB6hitXTp7nySpn5JdA5mIZelaZh57fSrQzdNGJtRV25auOXRae_ADA0G5eqHmqlu4ndR2sYA-TMrQchLgYWUj92_dMHc7pyMCwkVOd6opDQxZKziwdEVaKVJO5l0s-O-N80RV6RGq-yMnd9D5RhMuSjAKwO-GppS7g4n5sM9DYhTMeE40PlwMc1Rcw>

Más de Google

Descubre las últimas apps de Google.

Para Android  
<https://notifications.google.com/g/p/APHC3cqwAk5oVgRJAd4a33K9YQzeQBqR9ij8oNoTtZ2elO-5fKz-_849SjQw_Pf5_bCksomMzcQROHWwUREARmBRwDtZ7N85Xc2llypVOXl6J4zlIrswmXuNEm8Oqcxp8JuoQRq8XzX_a_U_VJcNvt_ryFWVkePV2o8h5982fDNpcA7wOlmF55AuL4hup8UkOth2FJ3dbLp4cv4BYuJ6qPqcsvBa2J_r0x-Cci8vbifUzctXD3VUusS1kJJ_3k5fNqvGhWJZTPt1IGeEbhp9SeiieBHnv6Tb14UX4t9dxiONISsT5dMw9Y4bL1zPBx8zW3KAdiSv3alDaV2mcoUV129aAx_kpaUuRnv7EL8eEhykvqmqJQggwgfU0X6QarXJuXXj7GywL32JuZpwue7dtCoJ6gp74sJt65svInJ7w3iYPj89FpwJA9obS2z-ev7kg7kczWzoSYWmxl7PsN-sFgab95NyRDOkBKOsqUCypvzLa5P5EXVUmlri-Mr85UiwqDA_b6kYppFZuz1TKDOXRGRMClQ297pqo0OoP1GGHSxEttyaJlnLEdOEeQA6Hu7r7yE_VVcBfcbNoWdqavnQxh82nQNFeqcBelV4vfI6OoxnZYtBqJeI2DhwZHE0LdVumiQ5ri9PV0DdbXol9tgW8igFT2g>

Para iOS  
<https://notifications.google.com/g/p/APHC3crNPwWoYEfKnEpROjA_dFl-AJxkfx0TFHNMDKVF26-Sf7IBcEXLJ6VrKEord8syLksl3t2we7NiNfCrM8oOimfMqdl54-7QgRlfpEs296qv57IyEwUSGP3cpUMY63XFewxKyEkdLyH5Jw-Q0wlg6bUsCtb5Nvyj72ZoUztJuGrxqaazzeWgSquo_XXFHKRZajIOo2H63ParI5Odq-kFIktHqwZROjDYULXYSJfYxmivQi4GUz2gNHkebFNOWVVRu16quB8XckTbzC26o2Rvh-M-XPU7YYwf3QvxymBjaa855NdIV3d3yXtIyV2WZIAAxDcqhpWyaI-FSFWP0Slk97jTF6dGkpHAxJ0N_hADYsqRWUFwcsAh7m42E4n-KDS-qe_zVHwhiA>

Confirma que las opciones sean adecuadas para ti

Revisa y cambia las opciones de privacidad y seguridad para mejorar tu  
experiencia con Google.

Confirmar  
<https://notifications.google.com/g/p/APHC3cp9az5iPsMO4w_IeDb9QSmgjiy3ZC9-HxKOpReyGgAdydegwoghxOc8-2NAid0bOSdgUIJq0bC2KMZtdsONWoCDpZwZ-OdY_pNqRBASR3gvgmttEGZKCRVS3XAbEwECLci4dRdre7VQX4N2XgbTLSy5rFXUatH-W501Rey44-xv_IvVpEONJO8It2ASxauei4kVhjSUPV3BXQbQXkUGdJ0-0vFQWO9NDKg7ww_-IhkVShLwEA_xpTcJWTxTr439eMPFHXBg8D6fkPtz_w8bt4H443m3NpoKkAfAeJAJ0-4tukHGl50a8TGimFHT9jLVQG6V4KRjkCfqfTrf>

Encuentra respuestas

Visita el Centro de ayuda  
<https://notifications.google.com/g/p/APHC3cqFMQVYOQr4Md1yQ9vMpayQ7JT4SlX3TsjDGljKBdo_RbjK8jvImuVyfeaJJYQ09W9s69LKAY_56mUvP3mU3fBHB0hsds9Sck0ogw3GT6r77Illix2OBR1ZlrDJIfBcvLr5J8qYERPqLbfXAVYZT70pKD8mmKY1oAKaq-UjF2fqDbf5wJ6Ez06u-aIaz0BpjhWZ2rBGj4ktihzWA0pakNWXyzHUqa1JyMz4ZGSWb9CVmktH4ypLeJCpgy6BhWTY2QgiLYckLHqMkZb3eA66Hdaz5ABmfN_bswTBIk1yfkyT>  
para obtener toda la información sobre tu nueva Cuenta de Google.


No se leerán las respuestas que reciba este correo electrónico. Si tienes  
preguntas sobre tu nueva cuenta, probablemente el Centro de ayuda  
<https://notifications.google.com/g/p/APHC3coz4hOoRtrVjYrAwHASMVD_CgDh1kP7vOyUK-Rm2GiisZ8KS5KGEgxzGh8wlt0pdZVCG2RQ-MxBZN8B-3BVHkQ05_IzAuoaAhENJ0wNpplOZj-DgyJSbsfoN_oWFB0VYG8HjX2NUZaaD6_emh_k60kITRXRh8aF1kYX6XWsch_qZp-qT-4gzqKvbKVFsPgAqKCcdiou6VYk0_E5JpksRNbJvv6cQk_GHAnfyjCIV6MRM0r8JEvAhw1sqX0L05-FEdhENUpt-oHfYC8Ypmt0YEBJxc_KlpkFHVqTWSVksvsOGPhLcGTC>  
tenga las respuestas que buscas.



Google LLC 1600 Amphitheatre Parkway, Mountain View, CA 94043

Recibiste este correo electrónico porque creaste una Cuenta de Google.
"
Google,no-reply@accounts.google.com,Recuperaste correctamente tu Cuenta de Google,"[image: Google]
Se recuperó la cuenta correctamente


naoreto3@gmail.com
Te damos nuevamente la bienvenida a tu cuentaSi crees que no podías acceder
a ella porque otra persona hizo cambios, revisa y protege tu cuenta
<https://accounts.google.com/AccountChooser?Email=naoreto3@gmail.com&continue=https://myaccount.google.com/secure-account?utm_source%3Demail%26utm_medium%3Demail%26utm_campaign%3Dph%26src%3D14%26aneid%3D5997647122668487293>
.
Te enviamos este correo electrónico para notificarte acerca de cambios
importantes en los servicios y en tu Cuenta de Google.
© 2023 Google LLC, 1600 Amphitheatre Parkway, Mountain View, CA 94043, USA
"
Google,no-reply@accounts.google.com,Alerta de seguridad,"[image: Google]
Se agregó un número de teléfono para la Verificación en 2 pasos


naoreto3@gmail.com
Los códigos para acceder a tu cuenta ahora se envían a un nuevo número de
teléfono. Si no fuiste tú quien agregó este número, es posible que otra
persona esté usando tu cuenta. Revisa y protege tu cuenta ahora.
Ver actividad
<https://accounts.google.com/AccountChooser?Email=naoreto3@gmail.com&continue=https://myaccount.google.com/alert/nt/1681755885497?rfn%3D259%26rfnc%3D1%26eid%3D3246281591286577913%26et%3D0>
También puedes ver la actividad de seguridad en
https://myaccount.google.com/notifications
Te enviamos este correo electrónico para notificarte acerca de cambios
importantes en los servicios y en tu Cuenta de Google.
© 2023 Google LLC, 1600 Amphitheatre Parkway, Mountain View, CA 94043, USA
"
Google,no-reply@accounts.google.com,=?UTF-8?Q?La_verificaci=C3=B3n_en_2=C2=A0pasos_est=C3=A1_activada?=,"[image: Google]
La verificación en 2 pasos está activada


naoreto3@gmail.com

Ahora, tu Cuenta de Google naoreto3@gmail.com está protegida por la
verificación en 2 pasos. Cuando accedas desde un dispositivo nuevo o
desconocido, necesitarás el segundo factor para verificar tu identidad.

*No pierdas el acceso a tu Cuenta de Google*
Puedes agregar un teléfono de respaldo o conseguir códigos de respaldo para
usar cuando no tengas contigo el segundo factor.
Puedes revisar la configuración de 2SV
<https://accounts.google.com/AccountChooser?Email=naoreto3@gmail.com&continue=https://myaccount.google.com/signinoptions/two-step-verification?rfn%3D16%26rfnc%3D1%26eid%3D-3960098942475001635%26et%3D0>
para hacer cambios.
También puedes ver la actividad de seguridad en
https://myaccount.google.com/notifications
Te enviamos este correo electrónico para notificarte acerca de cambios
importantes en los servicios y en tu Cuenta de Google.
© 2023 Google LLC, 1600 Amphitheatre Parkway, Mountain View, CA 94043, USA
"
Google,no-reply@accounts.google.com,Alerta de seguridad,"[image: Google]
Se creó una contraseña de la aplicación para acceder a tu cuenta


naoreto3@gmail.com
Si no fuiste tú quien generó esta contraseña para naoreto3, es posible que
otra persona esté usando tu cuenta. Revisa y protege tu cuenta ahora.
Ver actividad
<https://accounts.google.com/AccountChooser?Email=naoreto3@gmail.com&continue=https://myaccount.google.com/alert/nt/1681756002154?rfn%3D20%26rfnc%3D1%26eid%3D5655707266749554578%26et%3D0>
También puedes ver la actividad de seguridad en
https://myaccount.google.com/notifications
Te enviamos este correo electrónico para notificarte acerca de cambios
importantes en los servicios y en tu Cuenta de Google.
© 2023 Google LLC, 1600 Amphitheatre Parkway, Mountain View, CA 94043, USA
"
=?UTF-8?Q?Leonardo_Mart=C3=ADnez_Torres?=,clasescursosymas@gmail.com,Hola,"Hola
"
Loko Fire 57-,leoorvyus33@gmail.com,Hola,"Hola
"
Naoreto3,naoreto3@gmail.com,"Hola, Loko Fire 57-!","Hey, Loko Fire 57-!

Hola


Te deseamos lo mejor,
Naoreto3
"
Naoreto3,naoreto3@gmail.com,"Hola, Loko Fire 57-!","Hey, Loko Fire 57-!

Hola


Te deseamos lo mejor,
Naoreto3
"
Mail Delivery Subsystem,mailer-daemon@googlemail.com,Delivery Status Notification (Failure),"
** No se encontró la dirección **

Tu mensaje no se entregó a stevegolden@hotmail.co.uk porque la dirección no se encuentra o no puede recibir correos electrónicos.



Respuesta del servidor remoto:
550 5.5.0 Requested action not taken: mailbox unavailable (S2017062302). [VI1EUR05FT037.eop-eur05.prod.protection.outlook.com 2023-04-18T15:31:43.310Z 08DB3FAFCA1999FB]
"
